Word,Partition index
apps,0
day,0
every,0
first,0
good,0
other,0
pretty,0
same,0
single,0
thing,0
way,0
anyone,1
didn't,1
doesn't,1
know,1
make,1
makes,1
matter,1
mean,1
need,1
sense,1
ago,2
days,2
few,2
last,2
months,2
year,2
years,2
app,3
google,3
mobile,3
play,3
services,3
store,3
host,4
hosted,4
hosting,4
self,4
feel,5
free,5
tier,5
compose,6
docker,6
address,7
email,7
assistant,8
home,8
mail,9
proton,9
manager,10
password,10
off,11
turn,11
control,12
over,12
number,13
phone,13
proxy,14
reverse,14
media,15
social,15
open,16
source,16
big,17
tech,17
party,18
third,18
age,19
verification,19
anything,20
being,21
care,22
check,23
comes,24
default,25
end,26
figure,27
give,28
go,29
ip,30
looking,31
luck,32
never,33
own,34
pi,35
place,36
privacy,37
raspberry,38
reason,39
rid,40
right,41
seen,42
set,43
setting,44
someone,45
sort,46
sounds,47
talking,48
tried,49
try,50
using,51
